City_ID,City,Country,Lat,Lng,Max Temp,Humidity,Cloudiness,Wind Speed,Current Description
0,Severo-Kurilsk,RU,50.6789,156.125,31.21,65,94,25.28,overcast clouds
1,Sibinal,GT,15.1333,-92.05,49.71,99,100,0.96,heavy intensity rain
2,Cotoca,BO,-17.8167,-63.05,95.45,26,1,12.66,clear sky
3,Plettenberg Bay,ZA,-34.0527,23.3716,65.91,82,56,7.27,broken clouds
4,Maningrida,AU,-12.0667,134.2667,76.53,90,100,5.86,overcast clouds
5,Marawi,PH,7.9986,124.2928,67.48,93,58,1.39,broken clouds
6,Alofi,NU,-19.0595,-169.9187,82.29,61,75,12.66,broken clouds
7,Lebu,CL,-37.6167,-73.65,60.55,79,8,15.52,clear sky
8,Hermanus,ZA,-34.4187,19.2345,68.81,80,6,9.51,clear sky
9,Andros Town,BS,24.7,-77.7667,80.56,73,76,11.27,broken clouds
10,Saldanha,ZA,-33.0117,17.9442,68.5,59,77,5.41,broken clouds
11,Torbay,CA,47.6666,-52.7314,42.76,97,100,20.71,mist
12,Haines Junction,CA,60.7522,-137.5108,0.48,90,64,3.62,broken clouds
13,Ushuaia,AR,-54.8,-68.3,62.26,36,40,14.97,scattered clouds
14,Cabo San Lucas,MX,22.8909,-109.9124,81.61,56,0,8.05,clear sky
15,Norman Wells,CA,65.282,-126.8329,-7.33,96,100,4.81,overcast clouds
16,Kloulklubed,PW,7.0419,134.2556,79.3,78,87,19.82,overcast clouds
17,Rikitea,PF,-23.1203,-134.9692,73.87,78,44,8.28,light rain
18,Oltedal,NO,58.831,6.0466,46.58,78,100,24.65,light rain
19,Barrow,US,71.2906,-156.7887,-16.58,76,0,10.36,mist
20,Kuryk,KZ,43.2,51.65,45.97,73,98,3.53,overcast clouds
21,Cape Town,ZA,-33.9258,18.4232,76.37,64,15,1.99,few clouds
22,Hithadhoo,MV,-0.6,73.0833,80.69,75,24,7.9,few clouds
23,Cowra,AU,-33.8333,148.6833,58.86,60,0,8.75,clear sky
24,Illapel,CL,-31.6308,-71.1653,71.92,60,0,7.02,clear sky
25,Carson City,US,39.1638,-119.7674,50.83,33,75,17.27,broken clouds
26,Kirkuk,IQ,35.4681,44.3922,59.81,38,21,6.13,few clouds
27,Punta Arenas,CL,-53.15,-70.9167,57.31,51,40,29.93,scattered clouds
28,Saskylakh,RU,71.9167,114.0833,-15.59,94,100,4.54,overcast clouds
29,Nueva Gorgona,PA,8.55,-79.8667,79.21,95,100,4.18,light rain
30,Chuy,UY,-33.6971,-53.4616,69.26,85,3,12.46,clear sky
31,Paamiut,GL,61.994,-49.6678,37.63,70,100,27.94,overcast clouds
32,Saint George,US,37.1041,-113.5841,54.43,32,0,3.0,clear sky
33,Antofagasta,CL,-23.65,-70.4,65.48,77,55,6.22,broken clouds
34,Baykit,RU,61.67,96.37,-6.25,97,100,4.43,overcast clouds
35,Rawson,AR,-43.3002,-65.1023,77.09,52,58,15.55,broken clouds
36,Kodiak,US,57.79,-152.4072,29.71,86,100,8.05,snow
37,Christchurch,NZ,-43.5333,172.6333,66.4,55,20,4.61,few clouds
38,Jinchang,CN,38.4953,102.1739,6.48,28,69,9.42,broken clouds
39,Port Alfred,ZA,-33.5906,26.891,66.18,86,8,7.0,clear sky
40,Trindade,BR,-16.6494,-49.4889,67.75,72,65,5.77,broken clouds
41,Albany,US,42.6001,-73.9662,40.33,73,72,10.96,broken clouds
42,Tiksi,RU,71.6872,128.8694,-27.96,99,48,7.09,scattered clouds
43,Busselton,AU,-33.65,115.3333,60.3,64,0,12.97,clear sky
44,Vaini,TO,-21.2,-175.2,84.36,79,75,12.66,broken clouds
45,Vredendal,ZA,-31.6683,18.5012,66.42,66,79,7.38,broken clouds
46,Shelburne,CA,44.0787,-80.2041,31.77,79,89,4.07,overcast clouds
47,Itaueira,BR,-7.6033,-43.0256,71.65,95,100,2.04,overcast clouds
48,Kaeo,NZ,-35.1,173.7833,69.33,74,94,7.54,overcast clouds
49,Ilulissat,GL,69.2167,-51.1,14.02,52,40,3.44,scattered clouds
50,Bluff,NZ,-46.6,168.3333,59.81,78,100,8.72,light rain
51,Jamestown,US,42.097,-79.2353,36.99,65,100,9.22,overcast clouds
52,Katsuura,JP,35.1333,140.3,67.57,67,100,23.62,overcast clouds
53,Bredasdorp,ZA,-34.5322,20.0403,63.61,92,50,6.44,scattered clouds
54,Khatanga,RU,71.9667,102.5,-11.24,97,100,8.3,overcast clouds
55,Asau,RO,46.4333,26.4,31.28,92,100,1.54,overcast clouds
56,San Quintin,MX,30.4833,-115.95,62.76,69,21,10.69,few clouds
57,Fortuna,US,40.5982,-124.1573,51.93,85,75,11.5,broken clouds
58,Touros,BR,-5.1989,-35.4608,78.44,77,41,9.46,scattered clouds
59,Basco,PH,20.4487,121.9702,81.97,74,93,16.28,overcast clouds
60,Staroutkinsk,RU,57.2302,59.3348,2.68,98,41,1.59,scattered clouds
61,East London,ZA,-33.0153,27.9116,67.96,78,48,21.56,scattered clouds
62,Bambous Virieux,MU,-20.3428,57.7575,73.22,79,99,4.74,light rain
63,Vestmanna,FO,62.1564,-7.1664,45.52,93,75,3.44,light rain
64,Killybegs,IE,54.6333,-8.45,49.1,82,78,7.99,broken clouds
65,Hobart,AU,-42.8794,147.3294,54.27,66,75,11.5,broken clouds
66,Ponta Do Sol,PT,32.6667,-17.1,68.72,74,48,6.78,scattered clouds
67,Omboue,GA,-1.5746,9.2618,75.79,91,92,2.93,moderate rain
68,Ampanihy,MG,-24.7,44.75,71.11,85,17,3.06,few clouds
69,Upernavik,GL,72.7868,-56.1549,10.58,96,97,17.2,overcast clouds
70,Westport,US,41.1415,-73.3579,50.56,61,0,12.66,clear sky
71,Avera,US,33.194,-82.5271,65.71,57,0,7.16,clear sky
72,Tuktoyaktuk,CA,69.4541,-133.0374,-10.91,99,79,9.53,broken clouds
73,Port-Cartier,CA,50.0334,-66.8654,23.76,73,28,13.24,scattered clouds
74,Airai,TL,-8.9266,125.4092,61.95,89,100,1.28,overcast clouds
75,Suruc,TR,36.9761,38.425,54.73,66,100,6.98,overcast clouds
76,Butaritari,KI,3.0707,172.7902,80.74,76,49,8.19,light rain
77,Talnakh,RU,69.4865,88.3972,-4.13,98,100,7.81,overcast clouds
78,Geraldton,AU,-28.7667,114.6,77.41,31,0,13.8,clear sky
79,Baiao,BR,-2.7906,-49.6717,80.37,67,85,3.04,overcast clouds
80,Dubna,RU,56.7333,37.1667,15.01,97,99,4.23,overcast clouds
81,Halaucesti,RO,47.1,26.8,37.2,82,100,1.97,overcast clouds
82,Dikson,RU,73.5069,80.5464,-1.17,99,89,3.44,overcast clouds
83,Saint-Philippe,RE,-21.3585,55.7679,71.19,77,76,6.02,broken clouds
84,San Patricio,US,28.017,-97.5169,69.89,71,3,8.63,clear sky
85,Atuona,PF,-9.8,-139.0333,77.9,74,7,12.82,clear sky
86,Arraial Do Cabo,BR,-22.9661,-42.0278,73.54,91,31,23.85,scattered clouds
87,Vargashi,RU,55.3556,65.8467,4.15,78,100,5.41,overcast clouds
88,Marzuq,YE,14.4,46.4667,62.44,39,2,1.5,clear sky
89,Ribeira Grande,PT,38.5167,-28.7,65.77,94,99,21.99,light rain
90,Avarua,CK,-21.2078,-159.775,78.85,73,75,13.8,broken clouds
91,Bukoba,TZ,-1.3317,31.8122,65.82,81,27,4.59,scattered clouds
92,Faanui,PF,-16.4833,-151.75,78.84,72,5,7.92,clear sky
93,Castro,BR,-24.7911,-50.0119,59.49,96,95,10.47,overcast clouds
94,Grimshaw,CA,56.1834,-117.6027,3.97,78,99,11.5,overcast clouds
95,Bengkulu,ID,-3.8004,102.2655,76.55,85,100,2.44,overcast clouds
96,Nikolskoye,RU,59.7035,30.7861,26.49,96,91,4.7,overcast clouds
97,Faya,SA,18.3851,42.4509,52.32,63,3,3.29,clear sky
98,Yellowknife,CA,62.456,-114.3525,-10.44,76,98,11.01,overcast clouds
99,Lompoc,US,34.6391,-120.4579,68.02,73,0,12.66,clear sky
100,Klaksvik,FO,62.2266,-6.589,47.32,87,2,9.93,clear sky
101,Victoria,HK,22.2855,114.1577,77.38,92,10,8.01,clear sky
102,Bantry,IE,51.6833,-9.45,48.78,87,100,3.29,overcast clouds
103,Goderich,CA,43.7501,-81.7165,35.91,64,58,3.44,broken clouds
104,Tuy Hoa,VN,13.0833,109.3,74.01,92,18,2.48,few clouds
105,Lasa,IT,46.6166,10.7002,38.35,97,100,1.1,overcast clouds
106,Barabinsk,RU,55.3571,78.357,-13.65,96,74,4.68,broken clouds
107,Hilo,US,19.7297,-155.09,80.62,90,100,11.99,light rain
108,Laguna,US,38.421,-121.4238,64.31,45,0,4.61,clear sky
109,Ambon,ID,-3.6954,128.1814,78.24,15,20,4.61,few clouds
110,Sitka,US,57.0531,-135.33,33.69,55,75,9.22,broken clouds
111,Tasiilaq,GL,65.6145,-37.6368,28.56,65,91,9.4,overcast clouds
112,Marystown,CA,47.1666,-55.1483,45.73,95,100,17.6,light rain
113,Kapaa,US,22.0752,-159.319,80.58,80,100,3.44,overcast clouds
114,Harrisburg,US,40.2737,-76.8844,49.08,64,75,10.0,broken clouds
115,Yumen,CN,40.2833,97.2,-0.99,44,100,15.5,overcast clouds
116,Genova,IT,44.5,9.0667,42.96,80,100,5.01,overcast clouds
117,Thompson,CA,55.7435,-97.8558,19.56,86,100,18.41,light snow
118,Lipovu,RO,44.1,23.6333,39.56,76,49,7.07,light rain
119,Gizo,SB,-8.103,156.8419,82.94,75,100,8.39,light rain
120,Deputatskiy,RU,69.3,139.9,-36.94,99,25,3.67,scattered clouds
121,Goya,AR,-29.14,-59.2626,94.08,23,0,10.8,clear sky
122,Acapulco,MX,16.8634,-99.8901,84.02,74,40,6.91,scattered clouds
123,Shu,KZ,43.5983,73.7614,28.58,44,100,1.14,overcast clouds
124,Jintur,IN,19.6167,76.7,63.7,46,1,5.06,clear sky
125,Chokurdakh,RU,70.6333,147.9167,-35.97,100,99,3.53,overcast clouds
126,Tarauaca,BR,-8.1614,-70.7656,87.66,48,21,3.38,few clouds
127,Conceicao Da Barra,BR,-18.5933,-39.7322,73.81,93,100,8.57,moderate rain
128,Karratha,AU,-20.7377,116.8463,77.43,72,29,16.51,light rain
129,Nago,JP,26.5881,127.9761,72.03,87,0,8.01,clear sky
130,Qaanaaq,GL,77.484,-69.3632,-9.18,93,87,5.88,overcast clouds
131,Port Blair,IN,11.6667,92.75,79.29,81,56,2.26,broken clouds
132,Duldurga,RU,50.6761,113.5931,-10.66,73,36,15.86,scattered clouds
133,Pevek,RU,69.7008,170.3133,7.41,87,90,5.68,overcast clouds
134,Kalmunai,LK,7.4167,81.8167,77.76,78,100,6.49,overcast clouds
135,Kieta,PG,-6.2167,155.6333,81.59,82,96,4.45,light rain
136,Umm Kaddadah,SD,13.6017,26.6876,74.82,26,63,7.74,broken clouds
137,Ponta Delgada,PT,37.7333,-25.6667,69.49,94,40,12.66,scattered clouds
138,Mar Del Plata,AR,-38.0023,-57.5575,79.83,91,0,18.01,clear sky
139,Gamba,GA,-2.65,10.0,76.12,86,100,1.83,light rain
140,Nome,US,64.5011,-165.4064,3.27,60,0,3.44,clear sky
141,Batagay,RU,67.6333,134.6333,-47.2,99,83,1.19,broken clouds
142,Santa Fe,AR,-31.6333,-60.7,95.02,38,51,4.0,light rain
143,Port Moresby,PG,-9.4431,147.1797,80.46,78,100,3.96,overcast clouds
144,Hopkinsville,US,36.8656,-87.4886,55.02,90,100,5.75,overcast clouds
145,Balikpapan,ID,-1.2675,116.8289,77.99,78,40,12.66,light rain
146,Te Anau,NZ,-45.4167,167.7167,52.29,97,100,0.65,light rain
147,Kuzino,RU,57.0224,59.4412,1.89,96,25,2.21,scattered clouds
148,Pau Dos Ferros,BR,-6.1125,-38.2063,85.19,42,25,9.71,scattered clouds
149,Basudebpur,IN,21.1353,86.7386,67.15,54,0,6.15,clear sky
150,Grindavik,IS,63.8424,-22.4338,34.27,75,40,12.66,scattered clouds
151,Ewa Beach,US,21.3156,-158.0072,76.08,87,100,5.75,light rain
152,Tautira,PF,-17.7333,-149.15,77.72,78,9,10.85,clear sky
153,Nanlong,CN,31.3533,106.0631,52.93,63,100,9.37,overcast clouds
154,Narsaq,GL,60.9167,-46.05,44.82,88,100,5.17,overcast clouds
155,Cadiz,ES,36.5,-5.75,51.75,56,26,4.63,scattered clouds
156,Thinadhoo,MV,0.5333,72.9333,80.38,77,18,8.32,few clouds
157,Greensburg,US,40.3015,-79.5389,43.18,88,100,1.99,overcast clouds
158,Zyryanka,RU,65.75,150.85,-18.42,98,100,16.58,light snow
159,Volchikha,RU,52.0333,80.3833,-14.71,95,21,3.51,few clouds
160,New Albany,US,38.2856,-85.8241,50.16,82,100,6.91,overcast clouds
161,Tambun,ID,-6.2641,107.0712,82.49,79,99,2.62,overcast clouds
162,Cutro,IT,39.0353,16.9819,47.66,70,99,5.7,overcast clouds
163,Puerto Ayora,EC,-0.7393,-90.3518,78.76,87,89,5.01,overcast clouds
164,Inhambane,MZ,-23.865,35.3833,73.99,80,100,15.48,light rain
165,Cayenne,GF,4.9333,-52.3333,77.04,88,20,0.0,few clouds
166,Georgetown,MY,5.4112,100.3354,80.24,87,20,3.44,few clouds
167,Carnarvon,AU,-24.8667,113.6333,70.93,83,0,12.48,clear sky
168,Nanortalik,GL,60.1432,-45.2371,35.55,82,100,11.79,overcast clouds
169,Mataura,NZ,-46.1927,168.8643,59.49,60,100,4.41,overcast clouds
170,Sahuaripa,MX,29.05,-109.2333,77.99,10,5,10.22,clear sky
171,Anloga,GH,5.7947,0.8973,81.54,77,52,10.4,broken clouds
172,Kropotkin,RU,45.4375,40.5756,39.04,66,58,17.36,broken clouds
173,Alekseyevka,RU,50.6309,38.6903,27.41,71,56,10.11,broken clouds
174,Santa Cruz De La Palma,ES,28.6835,-17.7642,69.94,68,100,9.22,overcast clouds
175,Verkhnyaya Inta,RU,65.9811,60.3094,8.31,93,100,9.53,overcast clouds
176,Hasaki,JP,35.7333,140.8333,61.2,66,98,24.56,overcast clouds
177,Tuatapere,NZ,-46.1333,167.6833,59.99,66,95,2.64,light rain
178,Broome,US,42.2506,-75.833,38.7,91,100,11.5,overcast clouds
179,Bairiki,KI,1.3292,172.9752,86.0,70,20,5.75,few clouds
180,Mubi,NG,10.2676,13.2644,68.85,27,4,2.98,clear sky
181,Bethel,US,41.3712,-73.414,48.07,66,20,10.36,few clouds
182,Lago Da Pedra,BR,-4.3333,-45.1667,73.63,94,100,1.9,light rain
183,Mogadishu,SO,2.0371,45.3438,79.93,77,84,13.71,broken clouds
184,Komsomolskiy,UZ,40.4272,71.7189,47.12,81,75,4.61,broken clouds
185,Itarema,BR,-2.9248,-39.9167,79.03,77,97,13.31,overcast clouds
186,Karasjok,NO,69.4719,25.5112,33.03,92,100,11.86,overcast clouds
187,Bara,NG,10.3744,10.7288,71.22,22,17,7.25,few clouds
188,Ugoofaaru,MV,5.6667,73.0,80.1,73,93,0.54,overcast clouds
189,Camacupa,AO,-12.0167,17.4833,59.79,99,99,4.12,overcast clouds
190,Lorengau,PG,-2.0226,147.2712,84.27,65,43,7.2,scattered clouds
191,Souillac,MU,-20.5167,57.5167,74.73,74,100,3.76,overcast clouds
192,Sao Filipe,CV,14.8961,-24.4956,76.05,65,84,10.71,broken clouds
193,Ballina,AU,-28.8667,153.5667,75.02,89,100,5.32,overcast clouds
194,Jalu,LY,29.0331,21.5482,56.61,68,0,5.26,clear sky
195,Saint-Joseph,RE,-21.3667,55.6167,70.18,78,83,5.61,broken clouds
196,New Norfolk,AU,-42.7826,147.0587,53.92,63,78,5.01,broken clouds
197,Bedele,ET,8.456,36.353,53.85,92,27,2.57,scattered clouds
198,Bauchi,NG,10.5,10.0,66.7,25,23,4.36,few clouds
199,Kaitangata,NZ,-46.2817,169.8464,56.98,72,100,4.59,overcast clouds
200,Kambar,PK,27.5868,68.001,67.15,17,81,3.85,broken clouds
201,Say,NE,13.1007,2.3689,74.64,17,100,8.16,overcast clouds
202,Rocha,UY,-34.4833,-54.3333,70.29,73,4,14.07,clear sky
203,Traverse City,US,44.7631,-85.6206,39.4,62,75,3.44,broken clouds
204,Port Elizabeth,ZA,-33.918,25.5701,66.31,90,27,15.01,scattered clouds
205,Tema,GH,5.667,-0.0166,80.83,76,80,8.97,light rain
206,Aklavik,CA,68.2191,-135.0107,-24.68,93,53,5.01,broken clouds
207,Constitucion,CL,-35.3333,-72.4167,62.55,77,10,9.33,clear sky
208,Yuancheng,CN,36.652,107.7896,17.64,20,66,15.93,broken clouds
209,Bad Munstereifel,DE,50.55,6.7667,43.99,96,100,3.4,overcast clouds
210,Igarka,RU,67.4667,86.5833,2.71,97,99,6.89,overcast clouds
211,Miri,MY,4.4148,114.0089,75.7,92,44,3.76,scattered clouds
212,Terrace,CA,54.5163,-128.6035,29.25,48,31,3.22,scattered clouds
213,Lima,PE,-12.0432,-77.0282,68.25,73,100,4.61,overcast clouds
214,Roald,NO,62.5833,6.1333,49.12,61,75,4.61,broken clouds
215,Gimli,CA,50.6336,-96.9907,30.67,84,99,15.77,overcast clouds
216,Hearst,CA,49.6835,-83.6665,25.75,70,100,5.46,overcast clouds
217,Cockburn Town,TC,21.4612,-71.1419,80.06,69,68,12.33,broken clouds
218,Rio Grande,BR,-32.035,-52.0986,75.31,86,4,14.63,clear sky
219,Bonavista,CA,48.6499,-53.1147,37.69,96,100,23.0,light rain
220,Esperance,AU,-33.8667,121.9,55.74,78,0,10.74,clear sky
221,Ikalamavony,MG,-21.15,46.5833,73.06,51,71,4.34,broken clouds
222,Bilma,NE,18.6853,12.9164,63.05,26,100,9.44,overcast clouds
223,Codrington,AU,-38.2667,141.9667,56.59,74,67,11.65,broken clouds
224,Beaumont,US,30.0861,-94.1019,75.18,49,0,8.05,clear sky
225,Erzin,TR,36.9559,36.2,58.44,62,100,7.92,overcast clouds
226,Soyo,AO,-6.1349,12.3689,78.53,84,85,5.66,light rain
227,Beziers,FR,43.3476,3.219,50.34,87,54,3.44,broken clouds
228,Lebanon,US,36.2081,-86.2911,57.65,74,100,4.61,overcast clouds
229,Poole,GB,50.7167,-2.0,47.71,94,20,1.99,fog
230,Hamilton,US,39.1834,-84.5333,46.94,85,100,3.44,haze
231,San Carlos De Bariloche,AR,-41.1456,-71.3082,71.35,21,0,25.32,clear sky
232,Yangambi,CD,0.8102,24.4336,67.73,95,89,2.71,overcast clouds
233,Nyagan,RU,62.1406,65.3936,6.04,89,100,4.65,overcast clouds
234,Gao,ML,16.6362,1.637,75.18,16,100,8.88,overcast clouds
235,Portland,US,45.5234,-122.6762,46.53,79,75,8.01,broken clouds
236,Beringovskiy,RU,63.05,179.3167,30.81,97,100,27.87,snow
237,Ekibastuz,KZ,51.6667,75.3667,-15.36,91,8,6.82,clear sky
238,Saint-Francois,FR,46.4154,3.9054,44.04,87,75,4.61,broken clouds
239,Kabalo,CD,-6.05,26.9167,69.66,97,96,2.37,light rain
240,Kholodnyy,RU,62.7167,147.95,-10.93,97,100,5.03,overcast clouds
241,Vardo,NO,70.3705,31.1107,33.78,80,75,13.8,broken clouds
242,Pacific Grove,US,36.6177,-121.9166,63.39,80,0,13.0,clear sky
243,Saryozek,KZ,44.3583,77.9753,14.32,71,100,4.34,overcast clouds
244,Chippewa Falls,US,44.9369,-91.3929,40.96,56,0,9.22,clear sky
245,Ostrovnoy,RU,68.0531,39.5131,30.42,87,100,8.93,overcast clouds
246,Maraba,BR,-5.3686,-49.1178,75.38,100,75,2.3,light rain
247,La Ronge,CA,55.1001,-105.2842,19.62,79,100,13.8,light snow
248,Namibe,AO,-15.1961,12.1522,70.29,84,100,6.55,overcast clouds
249,Vangaindrano,MG,-23.35,47.6,71.17,89,43,5.26,scattered clouds
250,Poum,NC,-20.2333,164.0167,81.46,79,43,17.36,scattered clouds
251,Sinnamary,GF,5.3833,-52.95,77.14,87,99,6.91,overcast clouds
252,Niquero,CU,20.0431,-77.5828,80.89,72,21,3.83,few clouds
253,Cherskiy,RU,68.75,161.3,2.53,96,100,6.93,light snow
254,Manggar,ID,-2.8833,108.2667,77.49,86,90,4.03,overcast clouds
255,Wana,PK,32.2989,69.5725,51.96,34,0,2.62,clear sky
256,Norfolk,US,42.1668,-71.2495,47.3,67,16,3.0,few clouds
257,Saint-Pierre,RE,-21.3393,55.4781,71.91,68,0,3.44,clear sky
258,Kidal,ML,18.4411,1.4078,73.8,23,99,9.64,overcast clouds
259,Conakry,GN,9.538,-13.6773,80.96,64,74,6.15,broken clouds
260,Broken Hill,AU,-31.95,141.4333,58.57,58,0,18.07,clear sky
261,Luau,AO,-10.7073,22.2247,62.6,97,100,0.49,overcast clouds
262,Turukhansk,RU,65.8167,87.9833,-4.07,98,100,7.36,overcast clouds
263,Santa Rosalia,MX,27.3167,-112.2833,73.45,30,9,0.4,clear sky
264,Ketchikan,US,55.3422,-131.6461,34.27,80,100,0.0,overcast clouds
265,Sarankhola,BD,22.3082,89.7897,72.99,51,97,4.52,overcast clouds
266,San Andres,CO,12.5847,-81.7006,84.22,74,40,14.97,scattered clouds
267,Hingoli,IN,19.7167,77.15,62.58,46,0,4.34,clear sky
268,Angoram,PG,-4.0625,144.0661,77.34,95,91,1.01,moderate rain
269,Yerbogachen,RU,61.2767,108.0108,-13.58,100,100,0.89,overcast clouds
270,Byron Bay,AU,-28.65,153.6167,74.95,87,100,7.76,light rain
271,Mogos,PT,38.877,-9.0946,56.01,80,0,6.91,clear sky
272,Vitoria Do Mearim,BR,-3.4622,-44.8706,76.06,89,100,2.86,overcast clouds
273,Shetpe,KZ,44.1667,52.1167,33.85,67,89,4.14,overcast clouds
274,Hervey Bay,AU,-25.2986,152.8535,74.32,82,100,5.86,overcast clouds
275,Antalaha,MG,-14.9003,50.2788,70.27,87,42,4.92,scattered clouds
276,Nuevo Progreso,MX,23.1667,-97.95,78.48,73,42,7.7,scattered clouds
277,Pangkalanbuun,ID,-2.6833,111.6167,73.24,97,87,2.48,overcast clouds
278,Podujevo,XK,42.9106,21.1931,34.75,93,26,3.13,scattered clouds
279,Abu Kamal,SY,34.4506,40.9171,60.31,46,87,5.7,overcast clouds
280,Leningradskiy,RU,69.3833,178.4167,-4.68,88,52,4.27,broken clouds
281,Lata,PT,40.1629,-8.3327,47.07,93,17,1.99,few clouds
282,Ancud,CL,-41.8697,-73.8203,59.94,74,50,10.85,scattered clouds
283,Half Moon Bay,US,37.4636,-122.4286,62.58,57,0,21.85,clear sky
284,Telenesti,MD,47.4997,28.3656,36.48,98,100,2.08,overcast clouds
285,Brae,GB,60.3964,-1.353,47.19,83,17,9.82,few clouds
286,Korla,CN,41.7597,86.1469,14.68,32,54,19.33,broken clouds
287,Hofn,IS,64.2539,-15.2082,36.43,83,86,8.32,overcast clouds
288,Hanyang,CN,32.1371,105.5126,44.29,53,85,7.29,overcast clouds
289,Ustek,CZ,50.5847,14.3433,40.77,85,100,7.38,overcast clouds
290,Cidreira,BR,-30.1811,-50.2056,69.76,87,8,17.22,clear sky
291,Cabra,ES,37.4725,-4.4421,47.77,58,8,2.08,clear sky
292,Dakar,SN,14.6937,-17.4441,74.28,67,52,15.46,broken clouds
293,Mayo,US,38.8876,-76.5119,52.21,61,100,11.5,overcast clouds
294,Grand-Santi,GF,4.25,-54.3833,74.73,97,99,2.37,overcast clouds
295,Lazaro Cardenas,MX,17.9583,-102.2,82.0,68,82,7.56,broken clouds
296,Aksu,CN,41.1231,80.2644,18.57,29,63,6.08,broken clouds
297,Bam,IR,29.106,58.357,60.49,21,0,3.69,clear sky
298,Nemuro,JP,43.3236,145.575,47.75,85,100,19.89,moderate rain
299,Athabasca,CA,54.7169,-113.2854,10.81,73,100,15.75,overcast clouds
300,Shahr-E Babak,IR,30.1165,55.1186,49.39,35,4,5.37,clear sky
301,Totness,SR,5.8833,-56.3167,78.03,85,65,9.64,broken clouds
302,Moussoro,TD,13.6408,16.4901,72.79,18,29,9.64,scattered clouds
303,Pisco,PE,-13.7,-76.2167,71.65,68,100,12.66,overcast clouds
304,Sistranda,NO,63.7256,8.834,44.56,70,100,7.76,overcast clouds
305,Huarmey,PE,-10.0681,-78.1522,70.07,76,39,7.07,scattered clouds
306,Coquimbo,CL,-29.9533,-71.3436,62.33,82,75,9.22,broken clouds
307,Shipunovo,RU,52.1582,82.2173,-20.79,99,24,2.44,few clouds
308,Longyearbyen,SJ,78.2186,15.6401,37.24,81,75,5.75,broken clouds
309,Jumla,NP,29.2747,82.1838,41.99,46,0,5.1,clear sky
310,Yakeshi,CN,49.2833,120.7333,-3.01,95,100,12.53,overcast clouds
311,Kalianget,ID,-7.05,113.9333,79.59,82,99,4.16,overcast clouds
312,Aleksandrov Gay,RU,50.147,48.5704,23.32,57,0,11.56,clear sky
313,Umaria,IN,23.5333,80.8333,53.6,60,0,1.54,clear sky
314,Otane,NZ,-39.8833,176.6333,66.0,48,89,2.15,overcast clouds
315,Ruwi,OM,23.5996,58.5507,74.89,59,0,2.62,clear sky
316,Acopiara,BR,-6.0953,-39.4525,80.42,49,43,3.04,scattered clouds
317,Taybad,IR,34.74,60.7756,48.15,63,57,8.93,broken clouds
318,Livingston,GB,55.9029,-3.5226,41.11,97,6,4.61,fog
319,Kenai,US,60.5544,-151.2583,5.09,85,0,3.44,clear sky
320,Kiama,AU,-34.6833,150.8667,68.45,53,17,9.37,few clouds
321,Nyurba,RU,63.2842,118.3319,-33.03,100,46,4.16,scattered clouds
322,Skibbereen,IE,51.55,-9.2667,49.1,81,95,3.36,overcast clouds
323,Puerto Gaitan,CO,4.3133,-72.0816,80.64,78,89,6.85,overcast clouds
324,Henties Bay,NA,-22.116,14.2845,59.83,80,3,4.07,clear sky
325,Hay River,CA,60.8156,-115.7999,-5.64,96,100,11.99,overcast clouds
326,Okhotsk,RU,59.3833,143.3,-1.89,88,97,16.87,overcast clouds
327,Iqaluit,CA,63.7506,-68.5145,-4.27,83,100,45.99,light snow
328,Coruripe,BR,-10.1256,-36.1756,78.35,81,65,16.64,broken clouds
329,Lebedinyy,RU,58.5167,125.5167,-21.84,100,100,3.53,overcast clouds
330,Port Lincoln,AU,-34.7333,135.8667,59.65,65,60,6.8,broken clouds
331,Kalabo,ZM,-14.97,22.6814,68.68,82,45,4.68,scattered clouds
332,Kisangani,CD,0.5167,25.2,65.75,94,88,2.53,overcast clouds
333,Bandarbeyla,SO,9.4942,50.8122,77.32,70,50,15.35,scattered clouds
334,Dalvik,IS,65.9702,-18.5286,32.58,68,11,10.42,few clouds
335,Maceio,BR,-9.6658,-35.7353,78.24,83,0,10.36,clear sky
336,Garmsar,IR,35.2182,52.3409,53.83,46,77,4.32,broken clouds
337,Pinawa,CA,50.1489,-95.8811,30.54,92,100,9.73,light snow
338,Yar-Sale,RU,66.8333,70.8333,12.13,96,100,3.98,overcast clouds
339,Dawei,MM,14.0833,98.2,74.23,93,72,2.91,broken clouds
340,Mahebourg,MU,-20.4081,57.7,73.69,88,40,4.61,scattered clouds
341,Youghal,IE,51.95,-7.8506,47.41,89,60,7.61,broken clouds
342,Nelson Bay,AU,-32.7167,152.15,72.0,77,9,8.99,clear sky
343,Arman,RU,59.7,150.1667,10.02,97,100,15.84,light snow
344,Chor,PK,25.5167,69.7667,67.12,19,5,7.78,clear sky
345,West Carrollton City,US,39.6723,-84.2522,46.15,87,100,0.0,overcast clouds
346,Biak,ID,-0.9131,122.8766,76.59,77,64,2.59,broken clouds
347,Sunrise Manor,US,36.2111,-115.0731,63.66,27,40,5.75,scattered clouds
348,Hegra,NO,63.4644,11.114,42.71,61,0,18.41,clear sky
349,Sesheke,ZM,-17.4759,24.2968,71.42,66,55,5.06,broken clouds
350,Garissa,KE,-0.4536,39.6401,78.06,80,100,7.56,overcast clouds
351,Colac,AU,-38.3333,143.5833,55.17,73,96,9.69,overcast clouds
352,Chateau-Thierry,FR,49.05,3.4,42.37,92,81,4.63,broken clouds
353,Sobolevo,RU,54.4299,31.8996,28.81,96,100,9.66,overcast clouds
354,Yucca Valley,US,34.1142,-116.4322,62.13,35,71,8.01,broken clouds
355,Quatre Cocos,MU,-20.2078,57.7625,73.51,79,98,4.99,light rain
356,Morros,BR,-9.4467,-46.3003,71.28,92,99,3.06,overcast clouds
357,Tanout,NE,14.9709,8.8879,65.17,33,45,12.37,scattered clouds
358,Shimoda,JP,34.6667,138.95,64.11,70,100,15.57,overcast clouds
359,Ulaanbaatar,MN,47.9077,106.8832,-30.87,68,40,4.47,scattered clouds
360,Centralia,US,46.7162,-122.9543,42.89,83,75,11.5,broken clouds
361,Luderitz,NA,-26.6481,15.1594,60.1,90,33,1.92,scattered clouds
362,Saint-Georges,GD,12.0564,-61.7485,78.48,83,75,11.5,broken clouds
363,Lae,PG,-6.7221,146.9847,81.21,76,100,6.35,overcast clouds
364,Provideniya,RU,64.3833,-173.3,23.11,68,40,15.66,scattered clouds
365,Tabou,CI,4.423,-7.3528,77.22,86,44,7.36,scattered clouds
366,Olafsvik,IS,64.8945,-23.7142,41.52,73,71,14.41,broken clouds
367,Channel-Port Aux Basques,CA,47.5702,-59.1367,39.63,92,100,16.33,overcast clouds
368,Guerrero Negro,MX,27.9769,-114.0611,67.59,57,6,12.37,clear sky
369,Guiyang,CN,26.5833,106.7167,59.49,77,40,6.71,scattered clouds
370,Fairbanks,US,64.8378,-147.7164,-2.24,80,20,8.05,few clouds
371,Gualeguay,AR,-33.1416,-59.3097,95.77,18,44,9.84,scattered clouds
372,Husavik,IS,66.0449,-17.3389,29.25,63,12,13.35,few clouds
373,Ulladulla,AU,-35.35,150.4667,64.27,54,17,5.1,few clouds
374,Kiomboi,TZ,-4.2667,34.3667,66.7,61,82,5.32,broken clouds
375,Ganta,LR,7.3022,-8.5308,71.31,85,99,2.57,moderate rain
376,Rusape,ZW,-18.5278,32.1284,58.96,98,100,3.74,moderate rain
377,Akdepe,TM,42.0551,59.3788,28.49,49,29,5.7,scattered clouds
378,Gushikawa,JP,26.3544,127.8686,72.63,94,0,0.0,clear sky
379,Aguada De Pasajeros,CU,22.385,-80.8508,83.28,58,26,6.58,moderate rain
380,Matongo,TZ,-2.3833,34.0833,64.56,89,71,2.15,light rain
381,Porbandar,IN,21.6422,69.6093,73.0,44,0,8.25,clear sky
382,Santa Isabel Do Rio Negro,BR,-0.4139,-65.0192,74.32,97,100,2.42,overcast clouds
383,Coahuayana,MX,18.7333,-103.6833,84.81,59,14,5.48,few clouds
384,Talakan,RU,50.3167,130.3667,6.03,96,100,3.33,light snow
385,Dunedin,NZ,-45.8742,170.5036,59.94,66,100,3.24,overcast clouds
386,Luorong,CN,24.4058,109.6086,72.27,89,16,1.52,few clouds
387,Berlevag,NO,70.8578,29.0864,35.6,80,20,18.41,few clouds
388,Kuytun,RU,54.3419,101.5036,-0.9,90,100,17.85,light snow
389,Okahandja,NA,-21.9833,16.9167,69.19,26,8,5.79,clear sky
390,Vila Velha,BR,-20.3297,-40.2925,73.35,94,75,0.0,moderate rain
391,Amapa,BR,1.0,-52.0,78.82,73,100,4.61,overcast clouds
392,Viedma,AR,-40.8135,-62.9967,86.32,37,27,12.71,moderate rain
393,Mount Isa,AU,-20.7333,139.5,76.77,29,100,10.36,overcast clouds
394,Padang,ID,-0.9492,100.3543,75.25,85,96,3.02,light rain
395,Tura,IN,25.5198,90.2201,60.31,73,0,3.74,clear sky
396,Ivry-Sur-Seine,FR,48.8157,2.3849,47.23,95,75,3.44,broken clouds
397,Miandrivazo,MG,-19.5167,45.4667,79.0,69,35,4.18,scattered clouds
398,Kruisfontein,ZA,-34.0033,24.7314,60.93,88,28,10.8,scattered clouds
399,Jardim,BR,-21.4803,-56.1381,82.53,52,34,6.55,scattered clouds
400,Havelock,US,34.8791,-76.9013,64.35,67,0,8.05,clear sky
401,Glasgow,GB,55.8652,-4.2576,40.98,94,40,2.3,fog
402,Caravelas,BR,-17.7125,-39.2481,75.49,85,100,11.43,overcast clouds
403,Njinikom,CM,6.2333,10.2833,63.05,44,19,3.42,few clouds
404,Vao,NC,-22.6667,167.4833,77.92,87,88,16.35,overcast clouds
405,Vestmannaeyjar,IS,63.4427,-20.2734,38.64,62,18,3.98,few clouds
406,Hambantota,LK,6.1241,81.1185,76.53,85,99,8.84,overcast clouds
407,Yatou,CN,37.15,122.3833,38.91,59,100,29.51,overcast clouds
408,Solnechnyy,RU,50.7214,136.6319,10.54,91,100,4.27,light snow
409,Egvekinot,RU,66.3167,-179.1667,8.29,84,59,3.69,broken clouds
410,Arlit,NE,18.7369,7.3853,71.1,22,100,8.43,overcast clouds
411,Beloha,MG,-25.1667,45.05,71.82,87,19,1.48,few clouds
412,Ternate,ID,0.8,127.4,81.32,80,46,6.82,scattered clouds
413,Kahului,US,20.8947,-156.47,77.85,86,75,5.75,light rain
414,Ouricuri,BR,-7.8825,-40.0817,74.21,79,100,8.5,moderate rain
415,Porto Novo,BJ,6.4965,2.6036,79.5,80,10,6.71,clear sky
416,Gilgit,PK,35.9221,74.3087,40.55,38,94,2.89,overcast clouds
417,Alappuzha,IN,9.49,76.3264,74.84,92,100,2.77,overcast clouds
418,Kununurra,AU,-15.7667,128.7333,75.18,94,75,8.05,broken clouds
419,Isangel,VU,-19.55,169.2667,83.75,75,15,10.92,few clouds
420,Comodoro Rivadavia,AR,-45.8667,-67.5,87.66,13,0,26.46,clear sky
421,Olga,RU,43.7444,135.2892,31.35,92,100,6.6,overcast clouds
422,Rampura,IN,30.25,75.2333,58.06,32,3,2.33,clear sky
423,Aranos,NA,-24.1333,19.1167,79.88,31,23,13.6,few clouds
424,Peniche,PT,39.3558,-9.3811,53.46,90,34,10.89,scattered clouds
425,Chimbote,PE,-9.0853,-78.5783,69.21,77,59,8.7,broken clouds
426,Francistown,BW,-21.17,27.5079,64.89,83,39,11.61,scattered clouds
427,Nagua,DO,19.3832,-69.8474,80.65,78,20,9.22,few clouds
428,Darnah,LY,32.767,22.6367,62.24,80,27,6.35,light rain
429,Nhulunbuy,AU,-12.2333,136.7667,83.01,78,100,8.05,overcast clouds
430,Ordynskoye,RU,54.3656,81.8994,-12.5,94,98,2.44,overcast clouds
431,Matara,LK,5.9485,80.5353,76.14,88,99,1.54,overcast clouds
432,Fatick,SN,14.3581,-16.5858,75.7,37,53,9.15,broken clouds
433,Axim,GH,4.8699,-2.2405,78.75,81,64,6.35,light rain
434,Waipawa,NZ,-41.4122,175.5153,60.6,63,100,14.2,light rain
435,Ilebo,CD,-4.3167,20.5833,70.07,97,87,0.98,overcast clouds
436,Moissac,FR,44.1024,1.0945,47.48,95,56,8.97,broken clouds
437,Bambanglipuro,ID,-7.95,110.2833,76.82,87,100,1.41,overcast clouds
438,Micheweni,TZ,-4.9667,39.8333,78.53,84,27,8.63,light rain
439,Ixtapa,MX,20.7,-105.2,79.23,69,0,8.05,clear sky
440,Skjervoy,NO,70.0311,20.9714,32.0,67,98,9.44,overcast clouds
441,Sechura,PE,-5.5569,-80.8222,75.16,61,93,17.67,overcast clouds
442,Loandjili,CG,-4.7561,11.8578,77.56,86,93,2.8,overcast clouds
443,Concordia,AR,-31.393,-58.0209,89.78,30,0,4.61,clear sky
444,Popondetta,PG,-8.7537,148.2534,81.16,78,85,1.61,overcast clouds
445,Ishikawa,JP,26.4233,127.8214,73.36,94,0,0.0,clear sky
446,Trofors,NO,65.5333,13.4063,35.47,92,100,5.23,overcast clouds
447,Vilyuysk,RU,63.7553,121.6247,-36.33,100,61,3.67,broken clouds
448,Belaya Gora,RU,68.5333,146.4167,-23.3,96,100,4.29,overcast clouds
449,Zhigansk,RU,66.7697,123.3711,-41.28,100,72,1.97,broken clouds
450,Gimbi,ET,9.1667,35.8333,56.34,87,100,2.13,light rain
451,Diu,IN,20.7141,70.9822,70.21,40,0,5.37,clear sky
452,Lanzhou,CN,36.0564,103.7922,15.85,41,13,9.91,few clouds
453,Batagay-Alyta,RU,67.8006,130.4114,-32.24,92,11,3.87,few clouds
454,Vila Praia De Ancora,PT,41.811,-8.8526,55.11,79,73,5.26,broken clouds
455,Lagos,NG,6.5833,3.75,78.24,83,18,4.83,few clouds
456,Syracuse,IT,37.0881,15.2792,52.97,60,71,3.71,broken clouds
457,Svetlogorsk,BY,52.6333,29.7333,31.71,99,100,4.79,light snow
458,Kathu,TH,7.9178,98.3332,84.74,87,54,5.99,broken clouds
459,Meulaboh,ID,4.1363,96.1285,76.77,88,100,0.85,overcast clouds
460,Tsaratanana,MG,-16.7833,47.65,74.34,67,0,2.24,clear sky
461,Rio Gallegos,AR,-51.6226,-69.2181,62.65,63,40,6.91,scattered clouds
462,Sawakin,SD,19.1059,37.3321,81.9,69,65,3.24,broken clouds
463,Majene,ID,-3.5403,118.9707,78.37,84,84,4.63,broken clouds
464,Lakki Marwat,PK,32.6079,70.9114,62.62,29,0,1.3,clear sky
465,Sivas,TR,39.7916,37.0019,38.03,87,40,11.5,scattered clouds
466,Oktyabrskiy,RU,54.4815,53.471,-3.28,100,91,2.71,overcast clouds
467,Muros,ES,42.7762,-9.0603,52.09,94,99,7.02,overcast clouds
468,Road Town,VG,18.4167,-64.6167,80.69,78,40,6.91,scattered clouds
469,Dudinka,RU,69.4058,86.1778,1.83,97,94,7.58,overcast clouds
470,Richards Bay,ZA,-28.783,32.0377,67.12,78,89,1.57,overcast clouds
471,Shuyskoye,RU,59.3736,41.0305,10.74,97,100,3.36,overcast clouds
472,Bennettsville,US,34.6174,-79.6848,65.08,65,0,0.0,clear sky
473,Villa Maria,AR,-32.4075,-63.2402,95.83,31,28,9.44,scattered clouds
474,Sao Joaquim Do Monte,BR,-8.4325,-35.8044,73.72,70,86,9.91,overcast clouds
475,Salto,UY,-31.3833,-57.9667,90.88,34,0,17.0,clear sky
476,Santa Cruz,BO,-17.8,-63.1667,95.05,26,2,12.66,clear sky
477,Salto De Agua,MX,17.6167,-92.3667,86.76,84,87,5.19,light rain
478,Gorele,TR,41.0308,39.0031,51.21,68,56,3.76,broken clouds
479,Maniitsoq,GL,65.4167,-52.9,29.88,64,100,3.53,overcast clouds
480,Shreveport,US,32.5251,-93.7502,70.02,49,0,10.36,clear sky
481,Auki,SB,-8.7676,160.7034,81.59,81,86,2.66,overcast clouds
482,Dumka,IN,24.2667,87.25,61.75,66,0,5.03,clear sky
483,Port Keats,AU,-14.25,129.55,80.73,80,100,4.18,light rain
484,Yulara,AU,-25.2406,130.9889,69.64,31,0,18.14,clear sky
485,Kenora,CA,49.8167,-94.4337,29.37,100,100,15.01,overcast clouds
486,Benguela,AO,-12.5763,13.4055,77.86,80,100,1.72,overcast clouds
487,Vila Franca Do Campo,PT,37.7167,-25.4333,69.19,94,100,18.68,overcast clouds
488,Tongren,CN,27.7172,109.1853,49.77,88,100,10.6,overcast clouds
489,Nsanje,MW,-16.92,35.262,73.8,91,100,5.21,light rain
490,Tooele,US,40.5308,-112.2983,32.97,100,100,12.66,snow
491,Lavrentiya,RU,65.5833,-171.0,13.91,95,52,3.24,broken clouds
492,Kudymkar,RU,59.0173,54.656,10.76,95,100,2.04,overcast clouds
493,Talara,PE,-4.5772,-81.2719,75.96,64,0,14.97,clear sky
494,San Ramon,US,37.7799,-121.978,61.59,54,20,18.41,few clouds
495,Kolyvan,RU,55.3053,82.7391,-14.42,93,100,4.85,overcast clouds
496,Kavieng,PG,-2.5744,150.7967,83.8,63,24,4.9,few clouds
497,Linxia,CN,35.6003,103.2064,18.66,58,2,5.23,clear sky
498,Bang Saphan,TH,11.2126,99.5117,74.28,93,96,2.26,overcast clouds
499,Borba,BR,-4.3878,-59.5939,80.55,73,88,2.75,overcast clouds
500,Dumas,US,35.8656,-101.9732,60.53,17,0,12.66,clear sky
501,Suluq,LY,31.6682,20.2521,60.4,77,0,4.7,clear sky
502,Malkangiri,IN,18.35,81.9,57.43,62,3,2.84,clear sky
503,Kefalos,GR,36.7453,26.9589,55.62,76,40,11.5,thunderstorm with rain
504,Tremedal,BR,-14.9758,-41.4108,70.79,91,100,1.68,overcast clouds
505,Kavaratti,IN,10.5669,72.642,80.69,70,65,2.86,broken clouds
506,Umm Lajj,SA,25.0213,37.2685,78.37,72,100,9.22,overcast clouds
507,Leshukonskoye,RU,64.8989,45.7622,18.3,96,94,4.97,overcast clouds
508,Kudahuvadhoo,MV,2.6708,72.8944,80.08,69,100,5.66,overcast clouds
509,Marsa Matruh,EG,31.3525,27.2453,59.2,63,0,5.75,clear sky
510,Vizinga,RU,61.0749,50.1031,13.55,96,100,4.45,overcast clouds
511,Puerto Colombia,CO,10.9878,-74.9547,82.49,78,97,16.04,overcast clouds
512,Hami,CN,42.8,93.45,7.03,25,0,0.72,clear sky
513,Tibiri,NE,13.5627,7.0485,70.23,21,75,10.2,broken clouds
514,Baruun-Urt,MN,46.6806,113.2792,-16.42,77,100,13.98,overcast clouds
515,Yamada,JP,39.4667,141.95,56.03,90,100,13.02,overcast clouds
516,Iquitos,PE,-3.7481,-73.2472,82.44,78,20,3.44,few clouds
517,Pakxan,LA,18.3778,103.6601,71.94,92,21,3.29,few clouds
518,Bouna,CI,9.2667,-3.0,79.2,33,87,3.27,overcast clouds
519,Kyzyl,RU,51.7,94.45,-16.06,93,99,0.81,overcast clouds
520,Ankazoabo,MG,-22.2833,44.5167,71.85,67,77,7.74,broken clouds
521,Shingu,JP,33.7333,135.9833,65.14,90,100,11.18,light rain
522,La Palma,US,33.8464,-118.0467,66.81,70,75,11.5,broken clouds
523,Sulangan,PH,11.1373,123.7228,82.08,80,68,16.28,broken clouds
524,Fallon,US,39.4735,-118.7774,53.47,20,40,19.57,scattered clouds
525,Mount Gambier,AU,-37.8333,140.7667,56.86,75,52,6.87,broken clouds
526,Abeche,TD,13.8292,20.8324,72.27,18,2,9.62,clear sky
527,Methoni,GR,36.8197,21.7049,53.22,67,1,5.1,clear sky
528,Yarim,YE,14.298,44.3779,47.07,43,4,6.26,clear sky
529,Nicolas Bravo,MX,18.45,-88.9167,80.24,81,54,4.92,light rain
530,Arinos,BR,-15.9169,-46.1056,75.7,76,63,1.66,broken clouds
531,Abu Samrah,SY,35.3029,37.1841,56.79,64,100,17.09,overcast clouds
532,Khani,GE,41.9563,42.9566,47.77,66,89,6.13,overcast clouds
533,Flekkefjord,NO,58.2971,6.6607,42.94,96,100,16.31,light rain
534,Sabana Grande,PR,18.0777,-66.9604,80.76,70,41,1.01,scattered clouds
535,Leh,IN,34.1667,77.5833,12.99,49,1,2.08,clear sky
536,Rutland,US,43.6167,-73.0162,37.8,83,100,8.05,overcast clouds
537,Praia,CV,14.9215,-23.5087,73.94,83,20,16.11,few clouds
538,Olinda,BR,-8.0089,-34.8553,80.33,69,40,8.05,scattered clouds
539,Juneau,US,58.3019,-134.4197,29.21,80,20,6.91,few clouds
540,Saraland,US,30.8207,-88.0706,74.12,61,0,2.8,clear sky
541,Beyneu,KZ,45.3167,55.2,30.69,61,87,9.73,overcast clouds
542,Lugus,PH,5.7036,120.8203,81.97,74,19,2.13,few clouds
543,Kyren,RU,51.6828,102.1408,-8.55,85,95,2.62,overcast clouds
544,Kandi,BJ,11.1342,2.9386,75.06,23,100,4.52,overcast clouds
545,Coronini,RS,44.68,21.6855,37.71,76,60,14.79,broken clouds
546,Nenjiang,CN,49.1833,125.2167,1.92,95,100,12.97,light snow
547,Benoy,TD,8.9833,16.3199,74.41,29,52,5.55,broken clouds
548,Pangnirtung,CA,66.1451,-65.7125,10.4,67,75,13.8,broken clouds
549,Ardahan,TR,41.1087,42.7022,28.26,84,28,3.74,scattered clouds
550,Sanger,US,36.708,-119.556,64.8,39,0,13.8,clear sky
551,Rafraf,TN,37.1904,10.1837,55.71,64,61,10.11,broken clouds
552,Bogomila,MK,41.5931,21.4717,30.38,84,80,0.94,broken clouds
553,Mocajuba,BR,-2.5842,-49.5072,79.93,69,82,2.44,broken clouds
554,Bowen,AU,-20.0167,148.2333,79.57,79,86,2.01,overcast clouds
555,Ust-Ilimsk,RU,58.0006,102.6619,-3.21,96,100,9.42,light snow
556,Visby,SE,57.6409,18.296,37.62,87,100,8.05,overcast clouds
557,Whitehorse,CA,60.7161,-135.0538,5.81,70,75,6.91,light snow
558,Angoche,MZ,-16.2325,39.9086,77.76,84,12,6.78,few clouds
559,Koshurnikovo,RU,54.1667,93.3,-6.48,99,100,1.77,overcast clouds
560,Aguililla,MX,18.7333,-102.7333,82.17,47,18,1.14,light rain
561,Kamenka,RU,51.3223,42.7678,23.34,61,24,9.01,few clouds
562,Palasbari,IN,26.1361,91.5486,61.72,77,0,3.49,clear sky
563,Liverpool,GB,53.4106,-2.9779,43.83,94,20,2.3,fog
564,La Rinconada,ES,37.4873,-5.9826,55.04,64,0,5.75,clear sky
565,Lagoa,PT,39.05,-27.9833,65.88,87,91,31.59,light rain
566,Fort Walton Beach,US,30.4058,-86.6188,73.42,81,0,9.22,clear sky
567,Boa Vista,BR,2.8197,-60.6733,78.78,83,75,2.3,light rain
568,Bathsheba,BB,13.2167,-59.5167,79.41,73,20,14.97,few clouds
569,Pangoa,PE,-12.1167,-73.0,87.3,49,96,0.63,overcast clouds
570,Lingsugur,IN,16.1667,76.5167,69.46,56,9,5.99,clear sky
571,Wasilla,US,61.5814,-149.4394,9.3,85,0,5.75,light snow
572,Clyde River,CA,70.4692,-68.5914,-12.77,77,100,14.97,overcast clouds
573,Alekseyevsk,RU,57.8406,108.3492,-8.61,96,100,8.63,light snow
574,Sabang,ID,5.8933,95.3214,81.34,77,79,9.84,broken clouds
575,Cuauhtemoc,MX,28.4167,-106.8667,64.11,13,3,22.79,clear sky
576,Salalah,OM,17.0151,54.0924,71.69,73,0,5.75,clear sky
577,Mahibadhoo,MV,3.7833,72.9667,79.92,70,100,4.65,overcast clouds
578,Shiyan,CN,32.6475,110.7781,42.67,80,100,1.25,overcast clouds
579,Fredericksburg,US,38.3032,-77.4605,53.55,62,40,9.22,scattered clouds
580,Ambovombe,MG,-25.1667,46.0833,70.93,93,15,5.12,few clouds
581,Bubaque,GW,11.2833,-15.8333,81.18,60,38,10.33,scattered clouds
582,Sadovoye,RU,47.7764,44.5089,27.18,46,36,12.39,scattered clouds
583,Peru,US,40.7537,-86.0689,43.77,74,100,3.44,overcast clouds
584,Kargasok,RU,59.0556,80.8572,-10.68,94,38,7.07,scattered clouds
585,Sisimiut,GL,66.9395,-53.6735,21.47,74,100,7.45,overcast clouds
586,San Alberto,CO,7.7611,-73.3922,78.42,91,100,2.57,overcast clouds
587,Monmouth,US,40.3001,-74.1663,49.06,68,0,17.27,clear sky
588,Ludvika,SE,60.1496,15.1878,33.78,98,100,4.88,overcast clouds
589,Krasnokamensk,RU,50.0979,118.0369,-9.36,88,100,11.3,overcast clouds
590,Los Llanos De Aridane,ES,28.6585,-17.9182,65.95,93,75,11.5,broken clouds
591,Kulhudhuffushi,MV,6.6221,73.07,79.97,72,100,1.28,overcast clouds
592,Ryotsu,JP,38.0833,138.4333,58.75,77,100,11.43,overcast clouds
593,Nha Trang,VN,12.25,109.1833,75.2,92,28,4.68,scattered clouds
594,Penzance,GB,50.1186,-5.5371,45.28,77,10,14.92,clear sky
595,Aksarka,RU,66.5606,67.7975,12.88,96,100,4.41,overcast clouds
596,Boguchany,RU,58.3814,97.4531,-1.93,95,100,10.18,light snow
597,Margate,GB,51.3813,1.3862,47.3,93,56,1.01,broken clouds
598,San Cristobal,VE,7.7669,-72.225,69.98,91,98,2.06,overcast clouds
599,Opole Lubelskie,PL,51.1478,21.969,32.81,85,97,10.31,overcast clouds
600,Sao Joao Da Barra,BR,-21.6403,-41.0511,75.29,90,85,16.98,overcast clouds
601,Ronne,DK,55.1009,14.7066,42.71,70,75,17.27,broken clouds
602,Saint-Augustin,CA,51.226,-58.6502,29.97,89,100,8.46,overcast clouds
603,Bangassou,CF,4.7413,22.8184,70.09,91,51,2.01,broken clouds
604,Katherine,AU,-14.4667,132.2667,77.32,88,100,8.05,overcast clouds
605,Sorong,ID,-0.8833,131.25,80.29,80,100,1.41,moderate rain
606,Hobyo,SO,5.3505,48.5268,79.99,75,74,15.21,broken clouds
607,Urengoy,RU,65.9667,78.3667,0.3,94,100,7.65,overcast clouds
608,Yermekeyevo,RU,54.0761,53.6712,2.59,98,25,4.47,scattered clouds
609,Ocos,GT,14.5094,-92.1933,86.18,74,97,4.14,light rain
610,Sivaki,RU,52.6333,126.75,-10.8,84,100,9.71,overcast clouds
611,Vanimo,PG,-2.6741,141.3028,79.34,84,100,3.56,overcast clouds
612,Sideropolis,BR,-28.5978,-49.4244,64.92,98,100,1.19,overcast clouds
613,Urusha,RU,54.05,122.9,-15.86,89,100,4.68,overcast clouds
614,Strezhevoy,RU,60.7333,77.5889,-16.22,99,72,4.47,broken clouds
615,Mayskiy,RU,47.6931,40.1025,31.41,51,11,14.65,few clouds
616,Chumikan,RU,54.7183,135.315,-6.77,85,8,10.74,clear sky
617,Taoudenni,ML,22.6783,-3.9836,67.32,21,99,12.15,overcast clouds
618,Tadine,NC,-21.55,167.8833,81.46,76,15,12.84,few clouds
619,Mikuni,JP,36.2171,136.1519,71.51,72,100,22.15,overcast clouds
620,Safranbolu,TR,41.2508,32.6942,40.6,81,100,3.18,overcast clouds
621,Srednekolymsk,RU,67.45,153.6833,-14.31,98,100,8.95,light snow
622,Sakakah,SA,29.9697,40.2064,60.37,56,100,8.1,overcast clouds
623,Namatanai,PG,-3.6667,152.4333,84.45,66,88,3.83,overcast clouds
624,North Bend,US,43.4065,-124.2243,49.06,93,20,5.75,few clouds
625,San Martin,AR,-33.081,-68.4681,95.54,13,2,11.03,clear sky
626,Oranjestad,AW,12.524,-70.027,76.95,95,40,4.61,scattered clouds
627,Vite,IN,17.2833,74.55,72.57,50,74,10.31,broken clouds
628,Madison Heights,US,42.4859,-83.1052,41.9,69,9,5.01,clear sky
629,Nombre De Dios,MX,23.85,-104.2333,76.55,21,1,15.84,clear sky
630,Dalby,AU,-27.1833,151.2667,76.15,58,100,4.65,overcast clouds
631,Gayeri,BF,12.6497,0.4931,74.57,17,79,7.56,broken clouds
632,Bousse,BF,12.6606,-1.8922,76.84,15,100,8.99,overcast clouds
633,Tazovskiy,RU,67.4667,78.7,9.82,95,100,6.42,light snow
634,Bondoukou,CI,8.0333,-2.8,76.6,65,96,4.41,overcast clouds
635,Ormara,PK,25.2088,64.6357,75.15,64,100,5.77,overcast clouds
636,Benito Juarez,MX,19.385,-99.165,71.42,43,75,11.5,broken clouds
637,Buraydah,SA,26.326,43.975,66.65,25,100,10.47,overcast clouds
638,Chapais,CA,49.7834,-74.8492,17.38,98,99,3.09,overcast clouds
639,Sovetskiy,RU,61.3614,63.5842,2.26,92,100,3.98,overcast clouds
640,Grafton,US,42.207,-71.6856,45.16,66,0,8.05,clear sky
641,Waingapu,ID,-9.6567,120.2641,78.31,86,99,5.19,overcast clouds
642,Desert Hot Springs,US,33.9611,-116.5017,70.3,31,0,3.44,clear sky
643,Bhum,IN,18.4667,75.6667,67.86,52,6,7.65,clear sky
644,Mattru,SL,7.6244,-11.8332,74.39,91,75,2.82,broken clouds
645,La Asuncion,VE,11.0333,-63.8628,85.73,74,100,13.8,light rain
646,Sabla,NG,12.7525,4.7077,73.54,20,93,8.88,overcast clouds
647,Shatki,RU,55.1887,44.1249,7.9,94,15,5.26,few clouds
648,Flinders,AU,-34.5833,150.8552,68.25,52,8,7.0,clear sky
649,Warri,NG,5.5167,5.75,77.92,80,42,4.47,scattered clouds
650,Manavalakurichi,IN,8.1333,77.3,76.51,85,77,2.3,broken clouds
651,Inongo,CD,-1.95,18.2667,71.19,92,80,0.98,broken clouds
652,Constancia,MX,24.2231,-107.1869,83.1,22,0,10.71,clear sky
653,Fort Frances,CA,48.5999,-93.4003,30.42,66,100,5.75,snow
654,Kibre Mengist,ET,5.8833,38.9833,60.78,72,98,1.66,overcast clouds
655,South River,US,40.4465,-74.386,48.13,69,94,1.99,overcast clouds
656,Aukra,NO,62.7925,6.919,48.09,46,75,8.05,broken clouds
657,Loreto,MX,22.2667,-101.9667,73.69,23,29,13.4,scattered clouds
658,Annonay,FR,45.2397,4.6708,43.45,90,100,2.42,overcast clouds
659,Muhos,FI,64.808,25.9931,28.89,95,100,5.21,overcast clouds
660,Kirakira,SB,-10.4544,161.9205,83.23,75,100,6.42,overcast clouds
661,Les Herbiers,FR,46.8667,-1.0167,44.31,89,1,5.17,clear sky
662,Effingham,US,32.3669,-81.3332,69.75,73,0,7.31,clear sky
663,Porto Velho,BR,-8.7619,-63.9039,78.85,78,20,8.05,few clouds
664,Afikpo,NG,5.8931,7.9374,77.41,76,30,6.33,scattered clouds
665,Harlingen,US,26.1906,-97.6961,80.55,89,100,12.66,overcast clouds
666,Raudeberg,NO,61.9875,5.1352,47.86,55,100,4.27,overcast clouds
667,Nalut,LY,30.3333,10.85,61.0,57,100,3.74,overcast clouds
668,Assiniboia,CA,49.6334,-105.9845,13.82,79,100,28.77,light snow
669,Englewood,US,39.6478,-104.9878,55.47,24,75,12.66,broken clouds
670,Vitim,RU,59.4511,112.5578,-11.25,94,100,7.63,overcast clouds
671,Himatangi,NZ,-40.4,175.3167,63.86,71,100,13.0,light rain
672,Mosjoen,NO,65.836,13.1908,42.67,75,0,5.01,clear sky
673,Ornskoldsvik,SE,63.2909,18.7153,34.75,100,100,4.61,overcast clouds
674,Abnub,EG,27.2696,31.1511,59.22,36,53,3.8,broken clouds
675,Leicester,GB,52.6386,-1.1317,44.74,92,5,2.24,clear sky
676,Suntar,RU,62.1444,117.6319,-26.97,98,39,3.8,scattered clouds
677,Mayumba,GA,-3.432,10.6554,76.08,85,100,0.96,overcast clouds
678,Estevan,CA,49.1334,-102.9842,17.94,86,100,31.07,overcast clouds
679,Laurel,US,39.0993,-76.8483,52.0,65,100,8.05,overcast clouds
680,Were Ilu,ET,10.6,39.4333,47.8,82,62,5.82,broken clouds
681,Astana,KZ,51.1801,71.446,-4.05,54,0,17.9,clear sky
682,Kaitong,CN,44.8135,123.15,6.37,47,58,20.4,broken clouds
683,Tessalit,ML,20.1986,1.0114,72.86,16,100,8.05,overcast clouds
684,Salekhard,RU,66.53,66.6019,11.7,91,100,5.55,overcast clouds
685,Tilichiki,RU,60.4667,166.1,32.65,88,93,24.79,light snow
686,Gdov,RU,58.7406,27.8122,26.49,94,98,7.4,overcast clouds
687,Morehead,US,37.2711,-87.1764,50.99,81,100,0.0,overcast clouds
688,Sept-Iles,CA,50.2001,-66.3821,24.8,64,20,14.97,few clouds
689,Redding,US,40.5865,-122.3917,60.57,38,0,6.91,clear sky
690,Nizwa,OM,22.9333,57.5333,69.39,46,0,3.94,clear sky
691,Buala,SB,-8.145,159.5921,82.33,78,100,5.91,light rain
692,Acarau,BR,-2.8856,-40.12,79.27,76,100,14.23,overcast clouds
693,Teguldet,RU,57.3064,88.1667,-7.1,93,95,6.53,overcast clouds
694,Chinsali,ZM,-10.5414,32.0816,65.52,80,99,4.21,overcast clouds
695,Taldan,RU,53.6667,124.8,-21.95,93,96,4.88,overcast clouds
696,Hede,CN,33.7681,120.2517,51.17,68,100,23.09,overcast clouds
697,Carutapera,BR,-1.195,-46.02,78.73,80,60,6.71,broken clouds
